payment_id,order_id,payment_date
F6136,1852,10/2/2021
O7900,4720,7/24/2021
B7623,3618,8/8/2021
C2078,4137,11/18/2021
A1229,3389,2/13/2021
A2845,3988,7/9/2021
G6836,3218,5/16/2021
A5187,2563,1/23/2021
D7814,3653,7/29/2021
C4309,2735,5/16/2021
O2213,4842,7/13/2021
X8600,2898,6/7/2021
D2107,1147,7/25/2021
A2768,1738,3/1/2021
B4417,3621,6/7/2021
C3390,3095,1/2/2021
K7739,3700,12/26/2021
A1068,3876,11/21/2021
E2991,2435,10/26/2021
F57331,1681,9/18/2021
R6958,2565,3/15/2021
A4383,2362,2/3/2021
C8173,3817,1/8/2021
Z4460,3316,8/9/2021
F8119,2650,2/20/2021
G6353,3840,6/4/2021
O2850,1371,3/12/2021
I3211,2479,5/2/2021
L2943,1834,2/25/2021
S1545,4603,8/10/2021
B6411,1391,4/16/2021
A3911,3392,12/12/2021
U6916,4722,2/3/2021
I2874,4712,7/29/2021
C5671,1336,2/17/2021
H2509,4819,2/21/2021
I7280,2166,7/31/2021
J6130,3556,6/1/2021
B2615,1269,3/26/2021
D8253,3105,5/19/2021
S7929,3031,11/24/2021
Y5253,1750,8/4/2021
O8089,2850,8/4/2021
U5636,2603,6/4/2021
A2966,2190,5/18/2021
F8132,3090,5/14/2021
D6616,1432,5/17/2021
D8395,3051,7/29/2021
A6304,2936,8/9/2021
W8688,3746,2/1/2021
D8753,3645,6/26/2021
A6530,3096,9/3/2021
C3723,1622,1/10/2021
Q2328,4064,5/9/2021
X2165,3791,11/17/2021
C6847,4330,6/28/2021
K7914,1447,2/28/2021
H2055,1874,10/5/2021
P8606,2192,3/17/2021
F5518,4839,6/8/2021
P7582,4359,4/25/2021
J2037,2426,11/24/2021
X2327,1604,6/26/2021
I5358,1111,4/4/2021
N8672,3365,3/15/2021
T2207,1211,11/24/2021
C6601,1180,3/10/2021
I4292,1884,11/17/2021
X8861,1781,2/13/2021
Z7230,4073,3/15/2021
D4240,2797,5/5/2021
J8661,1740,11/21/2021
C7446,3619,5/21/2021
D3244,1280,2/6/2021
U1447,2728,3/8/2021
G5324,3718,11/10/2021
L4516,1672,9/19/2021
N4466,3765,12/28/2021
F686,2154,2/25/2021
